{"Fid":"e5qlcGpPTCWxjN_n8Oj4XR","Status":3,"AuthToken":"eyJhbGciOiJFUzI1NiIsInR5cCI6IkpXVCJ9.eyJhcHBJZCI6IjE6OTE2Mjc3MTU2NDgyOmFuZHJvaWQ6MmExODk2NGQ4MzllZTE3YSIsImV4cCI6MTc1NzY5MzgyNiwiZmlkIjoiZTVxbGNHcFBUQ1d4ak5fbjhPajRYUiIsInByb2plY3ROdW1iZXIiOjkxNjI3NzE1NjQ4Mn0.AB2LPV8wRQIgCNe-Lz2f5k3WOpu1N-DFpXBygBssWjwUivvfpU9jxjwCIQCoo-hvQ0CAgvU1shGUIkScNh0xd-WBdq2odRT2K36suw","RefreshToken":"3_AS3qfwL_wVicmHCMaRZ5ExYJuts_pI9ZuDvmVJrxiHx4QTpfVafl79yg1_W3uIOP_f4QG67QgYxVpClCF6p1hpFg3WUg_H_ALRym62F9V4Am7fQ","TokenCreationEpochInSecs":1757089025,"ExpiresInSecs":604800}