{"Fid":"djZvsAtJSYa_ClPQXZXDhK","Status":3,"AuthToken":"eyJhbGciOiJFUzI1NiIsInR5cCI6IkpXVCJ9.eyJhcHBJZCI6IjE6OTE2Mjc3MTU2NDgyOmFuZHJvaWQ6MmExODk2NGQ4MzllZTE3YSIsImV4cCI6MTc1NjEwOTQwMSwiZmlkIjoiZGpadnNBdEpTWWFfQ2xQUVhaWERoSyIsInByb2plY3ROdW1iZXIiOjkxNjI3NzE1NjQ4Mn0.AB2LPV8wRQIhANmIalP5X2i6pHruU9Vp1-ujWb7YeKgabL9RVr4UZMR-AiBJfivWb7Muj1Yz6VdUp2bZRxUt1anZINFf-MxaVMNY9g","RefreshToken":"3_AS3qfwJA-VBHH2AbXzFWXStsTqQ9M5s2t4ZnulUag-ahAPme5awi4OhefKi5Gf9gCfqNSX9iYOYxm9EE_W5hXRo4zO7zzorPaqlRhyY7hLPMElQ","TokenCreationEpochInSecs":1755504601,"ExpiresInSecs":604800}