{"Fid":"fK7tCIAlSxKijiDLuk1FrG","Status":3,"AuthToken":"eyJhbGciOiJFUzI1NiIsInR5cCI6IkpXVCJ9.eyJhcHBJZCI6IjE6OTE2Mjc3MTU2NDgyOmFuZHJvaWQ6MmExODk2NGQ4MzllZTE3YSIsImV4cCI6MTc2MDM2NTI2MSwiZmlkIjoiZks3dENJQWxTeEtpamlETHVrMUZyRyIsInByb2plY3ROdW1iZXIiOjkxNjI3NzE1NjQ4Mn0.AB2LPV8wRgIhALP4H6Z0_-N_BzkH99tNYnLTy5_UkgfbSLsZIP_OW3S0AiEAzgo-Z0GXm6chH1evn4zqS9x4FjzdeWoh4visbbs8QSk","RefreshToken":"3_AS3qfwJLWT1x5_9m8_3v2x4Vq1s0iybQPza90jVLhjVUZhvrXQH2XisZJs0ofgfNXwLELh8hra_eLt1RjYrv7homQl291kD7A068xVgULHbXfMA","TokenCreationEpochInSecs":1759760461,"ExpiresInSecs":604800}