{"Fid":"cjcUb3AeToqa7O8MMAWH9y","Status":3,"AuthToken":"eyJhbGciOiJFUzI1NiIsInR5cCI6IkpXVCJ9.eyJhcHBJZCI6IjE6OTE2Mjc3MTU2NDgyOmFuZHJvaWQ6MmExODk2NGQ4MzllZTE3YSIsImV4cCI6MTc1NzYxNzk2OSwiZmlkIjoiY2pjVWIzQWVUb3FhN084TU1BV0g5eSIsInByb2plY3ROdW1iZXIiOjkxNjI3NzE1NjQ4Mn0.AB2LPV8wRQIhALYmvJ8qWo8BY8lCEcjiyY1EmY9rgEY-3espWRWDDoGaAiB_6t8cflwW4FryxhCpbnZDs-StaDZWFLmMKlQjOPxu_w","RefreshToken":"3_AS3qfwIxcLD2aiu57vyGeWp4FmTOiIjW9ABOep3wkZEnc0zbfAl-lAnvdkc-MlUTzH0j5tcISEDG5hVGYjK0ikC_YPqK9B4z1jc-dDWXc5ZaPA","TokenCreationEpochInSecs":1757013168,"ExpiresInSecs":604800}