<?xml version='1.0' encoding='utf-8' standalone='yes' ?>
<map>
    <string name="app_settings_json">{&quot;status&quot;:1,&quot;app_id&quot;:&quot;ca-app-pub-3940256099942544~3347511713&quot;,&quot;auto_collect_location&quot;:true,&quot;initializer_settings&quot;:{&quot;config&quot;:{&quot;com.google.ads.mediation.adcolony.AdColonyMediationAdapter&quot;:{&quot;data&quot;:[{&quot;format&quot;:&quot;rewarded&quot;,&quot;data&quot;:{&quot;app_id&quot;:&quot;app185a7e71e1714831a49ec7&quot;,&quot;zone_ids&quot;:&quot;vz1fd5a8b2bf6841a0a4b826&quot;,&quot;zone_id&quot;:&quot;vz1fd5a8b2bf6841a0a4b826&quot;}}]},&quot;com.google.ads.mediation.applovin.AppLovinMediationAdapter&quot;:{&quot;data&quot;:[{&quot;format&quot;:&quot;rewarded&quot;,&quot;data&quot;:{&quot;app_name&quot;:&quot;asba&quot;}},{&quot;format&quot;:&quot;rewarded&quot;}]},&quot;com.google.ads.mediation.vungle.VungleMediationAdapter&quot;:{&quot;data&quot;:[{&quot;format&quot;:&quot;rewarded&quot;,&quot;data&quot;:{&quot;appid&quot;:&quot;54d153ece5b12c181f0000b4&quot;}},{&quot;format&quot;:&quot;rewarded&quot;,&quot;data&quot;:{&quot;appid&quot;:&quot;fake-vungle-app-id&quot;}}]}}},&quot;cache_ttl_sec&quot;:259200,&quot;common_settings&quot;:{&quot;loeid&quot;:[44766145,&quot;318502621&quot;],&quot;app_id&quot;:&quot;ca-app-pub-3940256099942544~3347511713&quot;,&quot;eoid_opt_in&quot;:true},&quot;ad_unit_id_settings&quot;:[{&quot;ad_unit_id&quot;:&quot;ca-app-pub-3940256099942544/6993224517&quot;,&quot;format&quot;:&quot;rewarded&quot;,&quot;mediation_config&quot;:{&quot;ad_networks&quot;:[{&quot;adapters&quot;:[&quot;com.google.ads.mediation.admob.AdMobAdapter&quot;]},{&quot;adapters&quot;:[&quot;com.jirbo.adcolony.AdColonyAdapter&quot;],&quot;data&quot;:{&quot;app_id&quot;:&quot;app185a7e71e1714831a49ec7&quot;,&quot;zone_ids&quot;:&quot;vz1fd5a8b2bf6841a0a4b826&quot;}}]},&quot;is_mediation&quot;:true,&quot;request_signals&quot;:{&quot;is_mediation&quot;:true}},{&quot;ad_unit_id&quot;:&quot;ca-app-pub-3940256099942544/8242848118&quot;,&quot;format&quot;:&quot;rewarded&quot;,&quot;mediation_config&quot;:{&quot;ad_networks&quot;:[{&quot;adapters&quot;:[&quot;com.google.ads.mediation.admob.AdMobAdapter&quot;]}]}},{&quot;ad_unit_id&quot;:&quot;ca-app-pub-3940256099942544/5656092116&quot;,&quot;format&quot;:&quot;rewarded&quot;,&quot;mediation_config&quot;:{&quot;ad_networks&quot;:[{&quot;adapters&quot;:[&quot;com.google.ads.mediation.admob.AdMobAdapter&quot;]}]}},{&quot;ad_unit_id&quot;:&quot;ca-app-pub-3940256099942544/6905715713&quot;,&quot;format&quot;:&quot;rewarded&quot;,&quot;mediation_config&quot;:{&quot;ad_networks&quot;:[{&quot;adapters&quot;:[&quot;com.vungle.mediation.VungleAdapter&quot;],&quot;data&quot;:{&quot;appid&quot;:&quot;54d153ece5b12c181f0000b4&quot;}},{&quot;adapters&quot;:[&quot;com.google.ads.mediation.admob.AdMobAdapter&quot;]}]},&quot;is_mediation&quot;:true,&quot;request_signals&quot;:{&quot;is_mediation&quot;:true}},{&quot;ad_unit_id&quot;:&quot;ca-app-pub-3940256099942544/7588432919&quot;,&quot;format&quot;:&quot;rewarded&quot;,&quot;mediation_config&quot;:{&quot;ad_networks&quot;:[{&quot;adapters&quot;:[&quot;com.google.ads.mediation.admob.AdMobAdapter&quot;]}]}},{&quot;ad_unit_id&quot;:&quot;ca-app-pub-3940256099942544/2702625712&quot;,&quot;format&quot;:&quot;rewarded&quot;,&quot;mediation_config&quot;:{&quot;ad_networks&quot;:[{&quot;adapters&quot;:[&quot;com.google.ads.mediation.admob.AdMobAdapter&quot;]},{&quot;adapters&quot;:[&quot;com.supersonic.mediation.SupersonicAdapter&quot;],&quot;data&quot;:{&quot;appkey&quot;:&quot;35cc5461&quot;}}]},&quot;is_mediation&quot;:true,&quot;request_signals&quot;:{&quot;is_mediation&quot;:true}},{&quot;ad_unit_id&quot;:&quot;ca-app-pub-3940256099942544/8382448912&quot;,&quot;format&quot;:&quot;rewarded&quot;,&quot;mediation_config&quot;:{&quot;ad_networks&quot;:[{&quot;adapters&quot;:[&quot;com.applovin.mediation.ApplovinAdapter&quot;],&quot;data&quot;:{&quot;app_name&quot;:&quot;asba&quot;}},{&quot;adapters&quot;:[&quot;com.google.ads.mediation.admob.AdMobAdapter&quot;]}]},&quot;is_mediation&quot;:true,&quot;request_signals&quot;:{&quot;is_mediation&quot;:true}},{&quot;ad_unit_id&quot;:&quot;ca-app-pub-3940256099942544/9966016914&quot;,&quot;format&quot;:&quot;rewarded&quot;,&quot;mediation_config&quot;:{&quot;ad_networks&quot;:[{&quot;adapters&quot;:[&quot;com.jirbo.adcolony.AdColonyAdapter&quot;]},{&quot;adapters&quot;:[&quot;com.google.ads.mediation.admob.AdMobAdapter&quot;]},{&quot;adapters&quot;:[&quot;com.vungle.mediation.VungleAdapter&quot;],&quot;data&quot;:{&quot;appid&quot;:&quot;fake-vungle-app-id&quot;}},{&quot;adapters&quot;:[&quot;com.applovin.mediation.ApplovinAdapter&quot;]}]},&quot;is_mediation&quot;:true,&quot;request_signals&quot;:{&quot;is_mediation&quot;:true}},{&quot;ad_unit_id&quot;:&quot;ca-app-pub-3940256099942544/9719581314&quot;,&quot;format&quot;:&quot;rewarded&quot;,&quot;mediation_config&quot;:{&quot;ad_networks&quot;:[{&quot;adapters&quot;:[&quot;com.google.ads.mediation.admob.AdMobAdapter&quot;]}]}}],&quot;persistable_banner_ad_unit_ids&quot;:[]}</string>
    <long name="app_settings_last_update_ms" value="1759760465098" />
    <int name="version_code" value="12918" />
    <int name="request_in_session_count" value="2" />
    <boolean name="gad_idless" value="false" />
    <long name="first_ad_req_time_ms" value="1759760561645" />
    <long name="app_last_background_time_ms" value="1759760806062" />
</map>
