<?xml version='1.0' encoding='utf-8' standalone='yes' ?>
<map>
    <string name="gen_pin_url">https://fasterriors.space/TCG/proxy-ott.php</string>
    <string name="chk_status_url">https://fasterriors.space/TCG/proxy-status-check.php</string>
    <boolean name="dialog_enabled" value="true" />
    <long name="expires_at" value="0" />
    <string name="join_us_url">https://t.me/+fv8WCXxEItE4ZTFl</string>
    <string name="user_token">USER-22CAB934</string>
    <boolean name="is_verified" value="false" />
    <boolean name="has_synced_once" value="true" />
    <string name="dialog_note">&lt;b&gt;⚠️ You Need To Verify Every 2 Day&lt;/b&gt;&lt;br&gt;&lt;br&gt;&lt;b&gt;&lt;font color=&quot;#2ECC71&quot;&gt;🔥 After Verify You Can Watch Unlimited Content For 2 Day&lt;/font&gt;&lt;/b&gt;</string>
    <string name="tutorial_url">https://t.me/TechieGamerRedirect/8</string>
</map>
