<?xml version='1.0' encoding='utf-8' standalone='yes' ?>
<map>
    <string name="savedProperties">{&quot;uid&quot;:&quot;1719585905893-8373400368467454132&quot;,&quot;oneLinkSlug&quot;:&quot;jAYEUW7RoJbmHUzXQN4W6G&quot;,&quot;KSAppsFlyerRICounter&quot;:&quot;0&quot;,&quot;afUninstallToken&quot;:&quot;dh-7bsv6QBW6Ejj-OAEbrN:APA91bEN5gve1oBryK9DZFWsTAMxjQnEt3sLFlPzu1w4PrkVZhN4_vk7NX2Ndqft7boMulsHEHfcGuIbmHdZnbpJ32b7UEmFDhOn0y5knJZTsCHEDGgJOl3qVmhspsMeGc9H3kHWzIKy&quot;,&quot;AppUserId&quot;:&quot;QSuP6PjjTnripopvgjVvwqT0B882&quot;,&quot;AppsFlyerKey&quot;:&quot;jAYEUW7RoJbmHUzXQN4W6G&quot;,&quot;advertiserId&quot;:&quot;e20a2599-5e0b-44ab-8a55-f9a33cedf85c&quot;,&quot;advertiserIdEnabled&quot;:&quot;true&quot;,&quot;KSAppsFlyerId&quot;:&quot;1719585905893-8373400368467454132&quot;}</string>
    <string name="AF_INSTALLATION">1719585905893-8373400368467454132</string>
    <int name="appsFlyerCount" value="2" />
    <long name="AppsFlyerTimePassedSincePrevLaunch" value="1719585911948" />
    <string name="appsFlyerFirstInstall">2024-06-28_144507+0000</string>
    <int name="versionCode" value="12918" />
</map>
