<?xml version='1.0' encoding='utf-8' standalone='yes' ?>
<map>
    <long name="sites_visited_weekly_time" value="1759760463987" />
    <set name="related_sites_visited_weekly_set" />
    <string name="origins_visited_date">10/6/25</string>
    <set name="origins_visited_set">
        <string>1778564728</string>
        <string>3558084194</string>
        <string>1788862470</string>
    </set>
    <set name="sites_visited_weekly_set">
        <string>1432733664</string>
        <string>2352848806</string>
        <string>281058239</string>
    </set>
</map>
