<?xml version='1.0' encoding='utf-8' standalone='yes' ?>
<map>
    <string name="bnc_link_click_identifier">bnc_no_value</string>
    <string name="bnc_push_identifier">bnc_no_value</string>
    <long name="bnc_last_known_update_time" value="1757083191673" />
    <string name="bnc_app_link">bnc_no_value</string>
    <long name="bnc_original_install_time" value="1757013145704" />
    <long name="bnc_previous_update_time" value="0" />
    <string name="bnc_branch_key">key_live_kc5hbJYeDTvc99K81cvQrfbkzrbvQtEW</string>
    <string name="bnc_link_click_id">bnc_no_value</string>
</map>
