<?xml version='1.0' encoding='utf-8' standalone='yes' ?>
<map>
    <string name="bnc_push_identifier">bnc_no_value</string>
    <string name="bnc_google_play_install_referrer_extras">bnc_no_value</string>
    <boolean name="bnc_is_full_app_conversion" value="false" />
    <string name="bnc_device_fingerprint_id">1503751266315342297</string>
    <string name="bnc_link_click_id">bnc_no_value</string>
    <string name="bnc_external_intent_extra">bnc_no_value</string>
    <long name="bnc_last_known_update_time" value="1759760450946" />
    <string name="bnc_user_url">http://open.airtelxstream.in/a/key_live_kc5hbJYeDTvc99K81cvQrfbkzrbvQtEW?%24identity_id=1503751446645116179</string>
    <boolean name="bnc_triggered_by_fb_app_link" value="false" />
    <string name="bnc_session_params">{&quot;+non_branch_link&quot;:&quot;airtelwynkpremiere://webview_landing/web_page?webUrl=https%3A%2F%2Fwww.airtel.in%2Fnew-connection%2Fbroadband%2F%3Fapp%3Dxstream%26price%3D499%26utm_source%3Dxstream%26utm_campaign%3Dbb_acq_xstream_continue_watch_ios&amp;title=Airtel-WiFi&amp;api_query_param={\&quot;bridgeParams\&quot;:\&quot;number,name\&quot;}&amp;sourcePage=Home&amp;sourcePageId=homepage2&amp;sourceRail=&amp;sourceRailId=68ca6e2b2ab103338fa3326b&amp;sourceRailPosition=5&amp;railItemPosition=0&amp;railId=68ca6e2b2ab103338fa3326b&quot;,&quot;+clicked_branch_link&quot;:false,&quot;+is_first_session&quot;:false}</string>
    <long name="bnc_original_install_time" value="1759760450946" />
    <string name="bnc_branch_key">key_live_kc5hbJYeDTvc99K81cvQrfbkzrbvQtEW</string>
    <string name="bnc_identity">HPEAzV8Sy7TIUc4vr0</string>
    <string name="bnc_session_id">1503752685583701622</string>
    <string name="bnc_link_click_identifier">bnc_no_value</string>
    <string name="skip_url_format_key">{&quot;version&quot;:2,&quot;uri_skip_list&quot;:[&quot;^fb\\d+:((?!campaign_ids).)*$&quot;,&quot;^li\\d+:&quot;,&quot;^pdk\\d+:&quot;,&quot;^twitterkit-.*:&quot;,&quot;^com\\.googleusercontent\\.apps\\.\\d+-.*:\\\/oauth&quot;,&quot;^(?i).+:.*[?].*\\b(password|o?auth|o?auth.?token|access|access.?token)\\b&quot;]}</string>
    <string name="bnc_identity_id">1503751446645116179</string>
    <string name="bnc_app_link">bnc_no_value</string>
    <string name="bnc_buckets">bnc_no_value</string>
    <string name="bnc_app_version">1.87.1</string>
    <string name="bnc_actions">bnc_no_value</string>
    <string name="bnc_google_search_install_identifier">bnc_no_value</string>
    <string name="bnc_install_params">bnc_no_value</string>
    <long name="bnc_previous_update_time" value="1759760450946" />
    <string name="bnc_install_referrer">bnc_no_value</string>
</map>
