<?xml version='1.0' encoding='utf-8' standalone='yes' ?>
<map>
    <long name="first_open_time" value="1755699777471" />
    <string name="gmp_app_id">1:916277156482:android:2a18964d839ee17a</string>
    <string name="previous_os_version">11</string>
    <string name="app_instance_id">5de0654fd21ed2f0d00453a0c7031cf5</string>
    <boolean name="has_been_opened" value="true" />
    <string name="health_monitor:value">2EC79000:Opening the local database failed, dropping and recreating it</string>
    <long name="health_monitor:start" value="1755699777698" />
    <boolean name="allow_remote_dynamite" value="true" />
    <boolean name="use_service" value="true" />
    <boolean name="start_new_session" value="true" />
    <long name="health_monitor:count" value="2" />
    <boolean name="deferred_analytics_collection" value="false" />
</map>
