<?xml version='1.0' encoding='utf-8' standalone='yes' ?>
<map>
    <long name="first_open_time" value="1759760459885" />
    <string name="gmp_app_id">1:916277156482:android:2a18964d839ee17a</string>
    <string name="app_instance_id">c0bd0dd37b73a2f0b5ae72ef73fbbaf9</string>
    <long name="session_id" value="1760531927" />
    <boolean name="app_backgrounded" value="true" />
    <long name="health_monitor:start" value="1760531927514" />
    <boolean name="use_service" value="true" />
    <boolean name="deferred_analytics_collection" value="false" />
    <string name="previous_os_version">15</string>
    <boolean name="has_been_opened" value="true" />
    <boolean name="allow_remote_dynamite" value="true" />
    <long name="last_pause_time" value="1760532127104" />
    <boolean name="start_new_session" value="false" />
</map>
