<?xml version='1.0' encoding='utf-8' standalone='yes' ?>
<map>
    <long name="first_open_time" value="1757493095621" />
    <string name="gmp_app_id">1:916277156482:android:2a18964d839ee17a</string>
    <string name="app_instance_id">f3031560452dbe44be64874f85c6ace8</string>
    <long name="session_id" value="1757493095" />
    <boolean name="app_backgrounded" value="true" />
    <long name="health_monitor:start" value="1757493095792" />
    <boolean name="use_service" value="true" />
    <boolean name="deferred_analytics_collection" value="false" />
    <string name="previous_os_version">11</string>
    <boolean name="has_been_opened" value="true" />
    <string name="health_monitor:value">2EC79000:Opening the local database failed, dropping and recreating it</string>
    <boolean name="allow_remote_dynamite" value="true" />
    <long name="last_pause_time" value="1757493222322" />
    <boolean name="start_new_session" value="false" />
    <long name="health_monitor:count" value="2" />
</map>
