<?xml version='1.0' encoding='utf-8' standalone='yes' ?>
<map>
    <int name="RETRY_TAP_COUNT" value="0" />
    <string name="key_device_id">0e8a0952291c0dbe</string>
    <long name="isClick" value="0" />
    <boolean name="is_branch_init_triggered" value="true" />
    <int name="key_app_version" value="12955" />
    <boolean name="SHOW_LANG_CAROUSEL" value="false" />
    <boolean name="APP_ICON_UPGRADE" value="false" />
    <string name="freshchat_user_attribute">{&quot;appKey&quot;:&quot;MOBILITY&quot;,&quot;appVersion&quot;:&quot;1.93.1&quot;,&quot;autoRenewal&quot;:&quot;false&quot;,&quot;circle&quot;:&quot;MUMBAI&quot;,&quot;deviceType&quot;:&quot;PHONE&quot;,&quot;email&quot;:&quot;NA&quot;,&quot;fmfsi&quot;:&quot;false&quot;,&quot;gender&quot;:&quot;MALE&quot;,&quot;ip&quot;:&quot;42.105.213.169&quot;,&quot;location&quot;:&quot;NA&quot;,&quot;name&quot;:&quot;Buniyad  &quot;,&quot;os&quot;:&quot;ANDROID&quot;,&quot;planExpiry&quot;:&quot;Fri Oct 17 11:17:52 IST 2025&quot;,&quot;planIds&quot;:&quot;6088,4888,1307&quot;,&quot;uid&quot;:&quot;Rbieblto7pEfCrSQL0&quot;}</string>
    <string name="geo_location_response">{&quot;city&quot;:&quot;Lucknow&quot;,&quot;country&quot;:&quot;IN&quot;,&quot;countryCode&quot;:&quot;IN&quot;,&quot;ip&quot;:&quot;42.105.213.136&quot;,&quot;state&quot;:&quot;Uttar Pradesh&quot;,&quot;stateCode&quot;:&quot;UP&quot;}</string>
    <int name="KEY_LOGIN_JOURNEY_VARIANT" value="1" />
    <string name="key_app_session_id">Rbieblto7pEfCrSQL0-1755516935787--1530315185</string>
    <long name="isShow" value="0" />
</map>
