<?xml version='1.0' encoding='utf-8' standalone='yes' ?>
<map>
    <int name="RETRY_TAP_COUNT" value="0" />
    <string name="key_player_select_language">Language</string>
    <string name="freshchat_user_attribute">{&quot;appKey&quot;:&quot;MOBILITY&quot;,&quot;appVersion&quot;:&quot;1.87.1&quot;,&quot;autoRenewal&quot;:&quot;false&quot;,&quot;circle&quot;:&quot;MUMBAI&quot;,&quot;deviceType&quot;:&quot;PHONE&quot;,&quot;email&quot;:&quot;NA&quot;,&quot;fmfsi&quot;:&quot;false&quot;,&quot;gender&quot;:&quot;MALE&quot;,&quot;ip&quot;:&quot;152.59.174.173&quot;,&quot;location&quot;:&quot;NA&quot;,&quot;name&quot;:&quot;Buniyad  &quot;,&quot;os&quot;:&quot;ANDROID&quot;,&quot;planExpiry&quot;:&quot;Fri Oct 17 13:46:53 IST 2025&quot;,&quot;planIds&quot;:&quot;6088,4888,1307&quot;,&quot;uid&quot;:&quot;Rbieblto7pEfCrSQL0&quot;}</string>
    <long name="isShow" value="0" />
    <string name="key_device_id">656535b44c2d5730</string>
    <long name="isClick" value="0" />
    <boolean name="is_branch_init_triggered" value="true" />
    <string name="search_session_id_v2">d4db95b3-5383-4d09-b096-4bf127acb061-1758794497949</string>
    <int name="key_app_version" value="12918" />
    <boolean name="SHOW_LANG_CAROUSEL" value="false" />
    <boolean name="APP_ICON_UPGRADE" value="false" />
    <string name="geo_location_response">{&quot;city&quot;:&quot;Kolkata&quot;,&quot;country&quot;:&quot;IN&quot;,&quot;countryCode&quot;:&quot;IN&quot;,&quot;ip&quot;:&quot;152.59.174.173&quot;,&quot;state&quot;:&quot;West Bengal&quot;,&quot;stateCode&quot;:&quot;WB&quot;}</string>
    <int name="KEY_LOGIN_JOURNEY_VARIANT" value="1" />
    <string name="key_app_session_id">Rbieblto7pEfCrSQL0-1758795727155--862228822</string>
</map>
