<?xml version='1.0' encoding='utf-8' standalone='yes' ?>
<map>
    <int name="RETRY_TAP_COUNT" value="0" />
    <string name="key_player_select_language">Language</string>
    <string name="freshchat_user_attribute">{&quot;appKey&quot;:&quot;MOBILITY&quot;,&quot;appVersion&quot;:&quot;1.87.1&quot;,&quot;autoRenewal&quot;:&quot;NA&quot;,&quot;circle&quot;:&quot;NA&quot;,&quot;deviceType&quot;:&quot;PHONE&quot;,&quot;email&quot;:&quot;NA&quot;,&quot;fmfsi&quot;:&quot;NA&quot;,&quot;gender&quot;:&quot;NA&quot;,&quot;ip&quot;:&quot;152.59.183.238&quot;,&quot;location&quot;:&quot;NA&quot;,&quot;name&quot;:&quot;NA&quot;,&quot;os&quot;:&quot;ANDROID&quot;,&quot;planExpiry&quot;:&quot;NA&quot;,&quot;planIds&quot;:&quot;NA&quot;,&quot;uid&quot;:&quot;i3JU2LNDpWTyLC9aFuculX44HkY2&quot;}</string>
    <long name="isShow" value="0" />
    <string name="key_device_id">656535b44c2d5730</string>
    <long name="isClick" value="0" />
    <boolean name="is_branch_init_triggered" value="true" />
    <string name="search_session_id_v2">5c2a9b10-4c34-4c56-b5c9-bede32533c5f-1760531929723</string>
    <int name="key_app_version" value="12918" />
    <boolean name="SHOW_LANG_CAROUSEL" value="false" />
    <boolean name="APP_ICON_UPGRADE" value="false" />
    <int name="KEY_LOGIN_JOURNEY_VARIANT" value="1" />
    <string name="key_app_session_id">i3JU2LNDpWTyLC9aFuculX44HkY2-1760532065095-1497960309</string>
</map>
