<?xml version='1.0' encoding='utf-8' standalone='yes' ?>
<map>
    <int name="RETRY_TAP_COUNT" value="0" />
    <string name="key_device_id">656535b44c2d5730</string>
    <long name="isClick" value="0" />
    <boolean name="is_branch_init_triggered" value="true" />
    <int name="key_app_version" value="12918" />
    <boolean name="SHOW_LANG_CAROUSEL" value="false" />
    <boolean name="APP_ICON_UPGRADE" value="false" />
    <int name="KEY_LOGIN_JOURNEY_VARIANT" value="1" />
    <string name="key_app_session_id">i3JU2LNDpWTyLC9aFuculX44HkY2-1757493096093-1961416700</string>
    <long name="isShow" value="0" />
</map>
