<?xml version='1.0' encoding='utf-8' standalone='yes' ?>
<map>
    <set name="fire-cls/18.4.1 fire-fcm/23.0.8 fire-perf/20.1.1 android-min-sdk/24 fire-analytics/21.3.0 device-brand/Redmi fire-core-ktx/unspecified device-name/excalibur_in fire-abt/21.0.2 fire-sessions/1.0.2 fire-core/20.3.3 android-installer/com.android.vending fire-android/30 fire-installations/17.1.3 fire-rc/21.1.2 android-platform/ fire-transport/18.1.8 device-model/excalibur kotlin/1.9.0 android-target-sdk/34">
        <string>2025-08-18</string>
        <string>2025-08-20</string>
    </set>
    <set name="fire-cls/18.4.1 fire-fcm/23.0.8 fire-perf/20.1.1 fire-analytics/21.3.0 android-min-sdk/24 device-brand/Redmi fire-core-ktx/unspecified device-name/excalibur_in fire-abt/21.0.2 fire-sessions/1.0.2 fire-core/20.3.3 android-installer/com.android.vending fire-android/30 fire-installations/17.1.3 fire-rc/21.1.2 android-platform/ fire-transport/18.1.8 device-model/excalibur kotlin/1.9.0 android-target-sdk/34">
        <string>2025-08-19</string>
    </set>
    <long name="fire-count" value="3" />
    <string name="last-used-date">2025-08-20</string>
    <long name="fire-global" value="1755504600544" />
</map>
