<?xml version='1.0' encoding='utf-8' standalone='yes' ?>
<map>
    <long name="fire-count" value="1" />
    <string name="last-used-date">2025-10-15</string>
    <set name="fire-cls/18.4.1 device-name/RMX5003IN fire-fcm/23.0.8 fire-perf/20.1.1 android-min-sdk/24 fire-analytics/21.3.0 fire-core-ktx/unspecified device-brand/realme fire-sessions/1.0.2 fire-abt/21.0.2 fire-core/20.3.3 fire-android/35 fire-installations/17.1.3 android-installer/com.google.android.packageinstaller device-model/RE6066L1 fire-rc/21.1.2 android-platform/ fire-transport/18.1.8 kotlin/1.9.0 android-target-sdk/33">
        <string>2025-10-15</string>
    </set>
    <long name="fire-global" value="1760531923237" />
</map>
