<?xml version='1.0' encoding='utf-8' standalone='yes' ?>
<map>
    <set name="fire-cls/18.4.1 fire-perf/20.1.1 fire-fcm/23.0.8 android-min-sdk/24 fire-analytics/21.3.0 android-installer/ device-brand/Redmi fire-core-ktx/unspecified device-name/excalibur_in fire-sessions/1.0.2 fire-abt/21.0.2 fire-core/20.3.3 fire-android/30 fire-installations/17.1.3 fire-rc/21.1.2 android-platform/ device-model/excalibur fire-transport/18.1.8 kotlin/1.9.0 android-target-sdk/33">
        <string>2025-10-06</string>
    </set>
    <long name="fire-count" value="1" />
    <string name="last-used-date">2025-10-06</string>
    <long name="fire-global" value="1759760459994" />
</map>
