<?xml version='1.0' encoding='utf-8' standalone='yes' ?>
<map>
    <set name="fire-cls/18.4.1 fire-fcm/23.0.8 fire-perf/20.1.1 device-name/RMX5003IN fire-analytics/21.3.0 android-min-sdk/24 fire-core-ktx/unspecified device-brand/realme fire-sessions/1.0.2 fire-abt/21.0.2 fire-core/20.3.3 fire-android/35 fire-installations/17.1.3 android-installer/com.google.android.packageinstaller fire-rc/21.1.2 device-model/RE6066L1 android-platform/ fire-transport/18.1.8 android-target-sdk/33 kotlin/1.9.0">
        <string>2025-09-25</string>
    </set>
    <long name="fire-count" value="1" />
    <string name="last-used-date">2025-09-25</string>
    <long name="fire-global" value="1758795343419" />
</map>
