<?xml version='1.0' encoding='utf-8' standalone='yes' ?>
<map>
    <string name="devId">BFCF9673B185203CB31613ED2726D6CD54715010</string>
    <boolean name="valid" value="true" />
    <string name="regResource">bi8rFf</string>
    <string name="vName">1.93.1</string>
    <int name="envType" value="1" />
    <string name="appToken">5741754631321</string>
    <string name="appId">2882303761517546321</string>
    <string name="regId">oOOeuvaFwL8ZYgUW+ngpT7sox3BdJT+RBqAisJ7xyyT1gqRnSZ9YK2mLTW4P47Mp</string>
    <string name="regSec">Aw7IXD9n/Y8NaWzW+WAAAA==</string>
    <string name="appRegion">India</string>
</map>
