<?xml version='1.0' encoding='utf-8' standalone='yes' ?>
<map>
    <string name="devId">DBD8E4C8084FC2345AFA10E5A20DCF8F90A4DC50</string>
    <boolean name="valid" value="true" />
    <string name="regResource">qsu7h6</string>
    <string name="vName">1.87.1</string>
    <int name="envType" value="1" />
    <string name="appToken">5741754631321</string>
    <string name="appId">2882303761517546321</string>
    <string name="regId">17+cFldrn04pxqZBIQzsY/a5gMWvZGPCnkJpWVF33MZDrkpCL30jj5j3dDRErKf+</string>
    <string name="regSec">Bc98FKGeasXUMmaZrsAAAA==</string>
    <string name="appRegion">India</string>
</map>
