<?xml version='1.0' encoding='utf-8' standalone='yes' ?>
<map>
    <int name="appVersion" value="12955" />
    <string name="user_session">{&quot;session_id&quot;:&quot;3b27ec25-6dbd-4062-8bc2-01e7783f45b7&quot;,&quot;start_time&quot;:&quot;2025-08-18T12:18:01.876Z&quot;,&quot;last_interaction_time&quot;:1755519483559}</string>
    <int name="PREF_LAST_NOTIFICATION_ID" value="17999" />
    <long name="last_event_sync_time" value="1755693840132" />
    <long name="inapp_last_sync_time" value="1755519482" />
    <string name="PREF_LAST_SHOWN_CAMPAIGN_ID">68a43e5dc154448621c42655_F_T_GP_AB_2_P_0_L_0</string>
    <set name="sent_activity_list">
        <string>com.amazon.device.ads.DTBInterstitialActivity</string>
        <string>so.plotline.insights.PlotlineActivity</string>
        <string>com.freshchat.consumer.sdk.activity.InterstitialActivity</string>
        <string>so.plotline.insights.Activities.PlotlineActivity</string>
        <string>tv.airtel.companion.view.CompanionMainActivity</string>
        <string>com.freshchat.consumer.sdk.activity.FAQSearchActivity</string>
        <string>com.moengage.pushbase.activities.PushClickDialogTracker</string>
        <string>com.freshchat.consumer.sdk.activity.FAQCategoriesActivity</string>
        <string>tv.accedo.wynk.android.airtel.activity.VoucherWebViewActivity</string>
        <string>tv.accedo.wynk.android.airtel.activity.FirebaseKeySelectionActivity</string>
        <string>androidx.test.core.app.InstrumentationActivityInvoker$EmptyActivity</string>
        <string>tv.accedo.wynk.android.airtel.activity.AboutActivity</string>
        <string>tv.airtel.companion.view.ui.plans.WebViewActivity</string>
        <string>saschpe.android.customtabs.WebViewActivity</string>
        <string>com.freshchat.consumer.sdk.activity.DeeplinkInterstitialActivity</string>
        <string>com.freshchat.consumer.sdk.activity.ArticleListActivity</string>
        <string>tv.accedo.wynk.android.airtel.activity.AirtelmainActivity</string>
        <string>com.google.android.gms.ads.AdActivity</string>
        <string>com.freshchat.consumer.sdk.activity.FAQDetailsActivity</string>
        <string>tv.accedo.wynk.android.airtel.activity.GenericWebViewActivity</string>
        <string>com.freshchat.consumer.sdk.activity.FAQListActivity</string>
        <string>tv.accedo.wynk.android.airtel.activity.base.BaseFragmentActivity</string>
        <string>tv.accedo.airtel.wynk.presentation.view.activity.SplashActivity</string>
        <string>tv.accedo.wynk.android.airtel.activity.AirtelSignInActivity</string>
        <string>com.moe.pushlibrary.activities.MoEActivity</string>
        <string>tv.accedo.wynk.android.airtel.activity.dth.SelfCareWebView</string>
        <string>com.freshchat.consumer.sdk.activity.PictureAttachmentActivity</string>
        <string>com.chuckerteam.chucker.internal.ui.MainActivity</string>
        <string>com.google.android.play.core.common.PlayCoreDialogWrapperActivity</string>
        <string>com.erkutaras.showcaseview.ShowcaseActivity</string>
        <string>tv.accedo.wynk.android.airtel.activity.AirtelVerifyPin</string>
        <string>tv.accedo.wynk.android.airtel.BasicWebViewActivity</string>
        <string>com.chuckerteam.chucker.internal.ui.throwable.ThrowableActivity</string>
        <string>com.freshchat.consumer.sdk.activity.ChannelListActivity</string>
        <string>tv.accedo.wynk.android.airtel.activity.AirtelSignInActivityV2</string>
        <string>tv.accedo.wynk.android.airtel.activity.NewsChannelPreferenceActivity</string>
        <string>com.amazon.aps.ads.activity.ApsInterstitialActivity</string>
        <string>com.facebook.ads.AudienceNetworkActivity</string>
        <string>com.google.android.gms.common.api.GoogleApiActivity</string>
        <string>tv.accedo.wynk.android.airtel.activity.PeopleDetailActivity</string>
        <string>tv.accedo.wynk.android.airtel.activity.PlayerDetailActivity</string>
        <string>com.freshchat.consumer.sdk.activity.ConversationDetailActivity</string>
        <string>tv.accedo.airtel.wynk.presentation.modules.detail.PlaygroundActivity</string>
        <string>androidx.test.core.app.InstrumentationActivityInvoker$EmptyFloatingActivity</string>
        <string>com.google.android.gms.auth.api.signin.internal.SignInHubActivity</string>
        <string>so.plotline.insights.FlowViews.FullPageDialog.FlowActivity</string>
        <string>com.moengage.pushbase.internal.activity.PermissionActivity</string>
        <string>tv.accedo.wynk.android.airtel.activity.PostPaymentActivity</string>
        <string>tv.airtel.remote.RemoteTvActivity</string>
        <string>com.moengage.pushbase.activities.PushTracker</string>
        <string>tv.accedo.wynk.android.airtel.activity.DialogActivity</string>
        <string>com.android.billingclient.api.ProxyBillingActivity</string>
        <string>com.freshchat.consumer.sdk.activity.BotFaqDetailsActivity</string>
        <string>tv.accedo.wynk.android.airtel.activity.WebViewPlayerActivity</string>
        <string>com.freshchat.consumer.sdk.activity.ArticleDetailActivity</string>
        <string>com.freshchat.consumer.sdk.activity.CategoryListActivity</string>
        <string>com.airtel.ads.InterstitialActivity</string>
        <string>androidx.test.core.app.InstrumentationActivityInvoker$BootstrapActivity</string>
        <string>com.chuckerteam.chucker.internal.ui.transaction.TransactionActivity</string>
    </set>
    <string name="registration_id">djZvsAtJSYa_ClPQXZXDhK:APA91bE2a3JY7Aiy1ujq2K4qbq_MNkyNHKYO-ejtkNu6mQt7SC3KzOZ-SOC4GQN05rOdUOZ2tWn0JQgND8ZiZGU2c1aGGRRPYZYd4Rrek_8KWUVud0gp0LI</string>
    <long name="last_message_sync" value="1755519482536" />
    <boolean name="pref_installed" value="true" />
    <boolean name="is_device_registered" value="true" />
    <string name="push_service">MI_PUSH</string>
    <long name="last_config_sync_time" value="1755516570369" />
    <long name="inapp_api_sync_delay" value="900" />
    <long name="inapp_html_assets_delete_time" value="1755519481" />
    <boolean name="has_registered_for_verification" value="false" />
    <string name="mi_push_token">oOOeuvaFwL8ZYgUW+ngpT7sox3BdJT+RBqAisJ7xyyT1gqRnSZ9YK2mLTW4P47Mp</string>
    <boolean name="enable_logs" value="false" />
    <long name="in_app_global_delay" value="86400" />
    <string name="APP_UUID">cec301ec-2a53-4c8b-ba1f-c82c9a470b36</string>
    <string name="user_attribute_unique_id">Rbieblto7pEfCrSQL0</string>
</map>
